text,english_translation,label,category,flag
"बेटा, ये मेरा नया नंबर है, पुराना फोन टूट गया। अभी 12000 रुपये इस नंबर पर भेज दो, कल लौटा दूंगा।","Son, this is my new number, my old phone broke. Send 12000 rupees to this number right now, I'll return it tomorrow.",1,family_emergency,
"मम्मी मैं हूं, अस्पताल में हूं, बाइक एक्सीडेंट हो गया। डॉक्टर 18000 रुपये अभी मांग रहे हैं ऑपरेशन के लिए।","It's me, mom, I'm in the hospital, I had a bike accident. The doctor is asking for 18000 rupees right now for the operation.",1,family_emergency,
"पापा, थाने से बोल रहा हूं, गाड़ी का चालान कट गया और मामला बढ़ गया है। जमानत के लिए 9000 रुपये इस UPI पर भेजिए अभी।","Dad, I'm calling from the police station, there was a traffic case and it's escalated. Send 9000 rupees to this UPI right now for bail.",1,family_emergency,
"दीदी, मेरा वॉलेट कहीं गिर गया, कार्ड और नकद दोनों गया। स्टेशन पर फंसा हूं, 3000 भेज दो टिकट के लिए।","Sister, my wallet fell somewhere, I lost both the card and cash. I'm stuck at the station, send 3000 for a ticket.",1,family_emergency,
"चाचा जी, मैं रोहन बोल रहा हूं, नया सिम लिया है इसलिए नंबर अलग है। घर वालों को मत बताना, अभी 25000 चाहिए किसी काम के लिए, शाम तक लौटा दूंगा।","Uncle, this is Rohan, I got a new SIM so the number is different. Don't tell the family, I need 25000 right now for something, I'll return it by evening.",1,family_emergency,
"मां, मेरा फोन चोरी हो गया, दोस्त के नंबर से लिख रही हूं। कॉलेज की फीस के लिए 7500 अभी चाहिए, कल जमा करनी है वरना नाम कट जाएगा।","Mom, my phone was stolen, I'm writing from a friend's number. I need 7500 right now for college fees, has to be deposited tomorrow or my name will be struck off.",1,family_emergency,
"भाई साहब, मैं आपके बेटे का दोस्त हूं। उसका एक्सीडेंट हुआ है नेशनल हाईवे पर, अभी होश में नहीं है। अस्पताल वाले 15000 एडवांस मांग रहे हैं भर्ती के लिए।","Sir, I'm your son's friend. He's had an accident on the national highway, he's not conscious right now. The hospital is asking for 15000 advance to admit him.",1,family_emergency,
"पापा जल्दी सुनो, कस्टम वालों ने मुझे एयरपोर्ट पर रोक लिया है, कुछ पेपर की गड़बड़ी बता रहे हैं। अभी 20000 भेजो नहीं तो सामान जब्त हो जाएगा।","Dad listen quickly, customs officials have stopped me at the airport, they're saying there's some paperwork issue. Send 20000 right now or the luggage will be seized.",1,family_emergency,
"आपका पार्सल मुंबई कस्टम में रुका है, अंदर विदेशी सामान घोषित नहीं किया गया। 850 रुपये ड्यूटी भरकर इस लिंक से रिलीज़ कराएं।","Your parcel is held at Mumbai customs, foreign goods inside were not declared. Pay 850 rupees duty and release it via this link.",1,courier_customs,
India Post: आपका पैकेट डिलीवरी एड्रेस गलत होने के कारण वापस भेजा जा रहा है। सही पता अपडेट करने के लिए 49 रुपये चार्ज भरें।,India Post: your packet is being returned because the delivery address is wrong. Pay a 49 rupee charge to update the correct address.,1,courier_customs,
"Bluedart डिलीवरी बॉय दो बार आ चुका है, घर पर कोई नहीं मिला। रीशेड्यूल करने के लिए 30 रुपये का हैंडलिंग चार्ज इस लिंक पर भरें।","The Bluedart delivery boy has come twice, no one was found at home. Pay a 30 rupee handling charge at this link to reschedule.",1,courier_customs,
"आपका इंटरनेशनल कोरियर सिंगापुर से आया है, कस्टम क्लीयरेंस के लिए 1200 रुपये इंपोर्ट ड्यूटी बकाया है, आज ही जमा करें वरना पार्सल वापस भेज दिया जाएगा।","Your international courier has arrived from Singapore, 1200 rupees import duty is due for customs clearance, deposit it today or the parcel will be sent back.",1,courier_customs,
DTDC: आपका शिपमेंट वेयरहाउस में होल्ड पर है क्योंकि GST डिटेल मैच नहीं हुई है। 199 रुपये वेरिफिकेशन फीस भरकर आगे बढ़ाएं।,DTDC: your shipment is on hold at the warehouse because the GST details did not match. Pay a 199 rupee verification fee to proceed.,1,courier_customs,
"नमस्ते, मैं Ekart से बोल रहा हूं। आपका ऑर्डर डिलीवर नहीं हो पाया क्योंकि पिन कोड मिसमैच है। दोबारा भेजने के लिए 60 रुपये री-डिस्पैच चार्ज देना होगा।","Hello, I'm calling from Ekart. Your order could not be delivered because the pin code did not match. A 60 rupee re-dispatch charge is required to send it again.",1,courier_customs,
"आपके नाम एक पार्सल थाईलैंड से आया है जिसमें इलेक्ट्रॉनिक सामान है, कस्टम ड्यूटी 2400 रुपये बकाया है। भुगतान न होने पर पार्सल जब्त कर लिया जाएगा।","A parcel has come in your name from Thailand containing electronic goods, 2400 rupees customs duty is due. If not paid, the parcel will be confiscated.",1,courier_customs,
"FedEx: शिपमेंट एड्रेस वेरिफिकेशन पेंडिंग है। कन्फर्म करने के लिए 35 रुपये की टोकन फीस भरें, वरना पार्सल हब पर वापस चला जाएगा।","FedEx: shipment address verification is pending. Pay a 35 rupee token fee to confirm, or the parcel will go back to the hub.",1,courier_customs,
"घर बैठे डेटा एंट्री जॉब, रोज 1500 कमाएं। शुरू करने के लिए 799 रुपये की ट्रेनिंग किट फीस जमा करें।","Work from home data entry job, earn 1500 daily. Deposit a 799 rupee training kit fee to get started.",1,job_advance_fee,
"आपका रिज्यूमे शॉर्टलिस्ट हुआ है Amazon पैकिंग जॉब के लिए, सैलरी 22000 महीना। जॉइनिंग किट के लिए 999 रुपये रिफंडेबल डिपॉजिट भेजें।","Your resume has been shortlisted for an Amazon packing job, salary 22000 per month. Send a 999 rupee refundable deposit for the joining kit.",1,job_advance_fee,
"पार्ट टाइम टाइपिंग वर्क, दिन के 3 घंटे, 2000 रुपये रोज। रजिस्ट्रेशन के लिए 350 रुपये आज ही जमा करें, सीट सीमित है।","Part time typing work, 3 hours a day, 2000 rupees daily. Deposit a 350 rupee registration fee today itself, seats are limited.",1,job_advance_fee,
"नमस्ते, HR टीम से बोल रही हूं, आपका इंटरव्यू सिलेक्ट हो गया है ऑनलाइन सर्वे जॉब के लिए। ID कार्ड बनवाने के लिए 599 रुपये भेजिए।","Hello, this is the HR team, you've been selected in the interview for the online survey job. Send 599 rupees to get an ID card made.",1,job_advance_fee,"phrasing 'aapka interview select ho gaya hai' is grammatically a little off — kept because real scam SMS often reads exactly this way, but worth a native-speaker sanity check"
"Flipkart सेलर हब से जुड़कर घर बैठे प्रोडक्ट लिस्टिंग का काम करें, 25000 प्रति माह। अकाउंट एक्टिवेशन के लिए 1100 रुपये सिक्योरिटी जमा करें।","Do product listing work from home by joining Flipkart Seller Hub, 25000 per month. Deposit a 1100 rupee security amount for account activation.",1,job_advance_fee,
"आपको हमारी कंपनी में डेटा वेरिफिकेशन जॉब के लिए चुना गया है, वर्क फ्रॉम होम। लैपटॉप एक्सेस के लिए 450 रुपये रजिस्ट्रेशन चार्ज भरें।","You've been selected for a data verification job at our company, work from home. Pay a 450 rupee registration charge for laptop access.",1,job_advance_fee,
"कॉल सेंटर में वीकेंड जॉब, 500 रुपये प्रति शिफ्ट। जॉइनिंग से पहले 250 रुपये यूनिफॉर्म चार्ज जमा करना अनिवार्य है।","Weekend job in a call center, 500 rupees per shift. It's mandatory to deposit a 250 rupee uniform charge before joining.",1,job_advance_fee,
"आपका सिलेक्शन हुआ है ऑनलाइन प्रोडक्ट रिव्यू टास्क के लिए, हर टास्क का 300 रुपये मिलेगा। पहला टास्क अनलॉक करने के लिए 599 रुपये भेजें।","You've been selected for an online product review task, you'll get 300 rupees per task. Send 599 rupees to unlock the first task.",1,job_advance_fee,
आपका Amazon रिफंड प्रोसेस के लिए कस्टमर केयर को कॉल करें: 1800-XXX-XXX। एजेंट आपसे OTP मांगकर रिफंड वेरिफाई करेगा।,"To process your Amazon refund, call customer care: 1800-XXX-XXX. The agent will ask for your OTP to verify the refund.",1,refund_callback,
"मैं Flipkart सपोर्ट से बोल रहा हूं। आपका 1200 रुपये का रिफंड अटका है, इसे रिलीज़ करने के लिए मुझे आपकी स्क्रीन पर AnyDesk इंस्टॉल करना होगा।","I'm calling from Flipkart support. Your 1200 rupee refund is stuck, to release it I need to install AnyDesk on your screen.",1,refund_callback,
"सर आपका डबल डेबिट हुआ है 899 रुपये का, रिफंड के लिए बस आपके कार्ड पर आया OTP बताना होगा, दो मिनट में पैसा वापस आ जाएगा।","Sir, you were double debited 899 rupees, for the refund you just need to tell me the OTP that came on your card, the money will be back in two minutes.",1,refund_callback,
"गुड मॉर्निंग, मैं Myntra रिटर्न टीम से हूं। आपका 2100 रुपये का रिफंड वेरिफिकेशन पेंडिंग है, कृपया अपना UPI पिन बताकर कन्फर्म करें।","Good morning, I'm from the Myntra returns team. Your 2100 rupee refund verification is pending, please confirm by telling me your UPI PIN.",1,refund_callback,
"आपकी शिकायत नंबर 44521 पर रिफंड अप्रूव हो गया है, 650 रुपये पाने के लिए इस टोल फ्री नंबर पर कॉल करके अपना अकाउंट डिटेल कन्फर्म करें।","Your refund on complaint number 44521 has been approved, to receive 650 rupees call this toll-free number and confirm your account details.",1,refund_callback,
"मैं बैंक की रिफंड डेस्क से बोल रहा हूं, गलत ट्रांजैक्शन के 3200 रुपये वापस करने हैं। प्रोसेस पूरा करने के लिए Google Pay पर आया कोड बताइए।","I'm calling from the bank's refund desk, we need to return 3200 rupees from a wrong transaction. To complete the process tell me the code that came on Google Pay.",1,refund_callback,
"PhonePe कस्टमर केयर: आपकी 500 रुपये की फेल्ड ट्रांजैक्शन रिफंड होने वाली है, वेरिफिकेशन के लिए कॉलबैक पर अपना पिन एंटर करें।","PhonePe customer care: your failed transaction refund of 500 rupees is about to be processed, enter your PIN on the callback for verification.",1,refund_callback,
"सर आपने कल जो कैंसिल किया था उसका 4500 रुपये रिफंड होना बाकी है, हमारे एग्जीक्यूटिव को कॉलबैक करें और OTP शेयर करें ताकि रिफंड आज ही मिल जाए।","Sir, the 4500 rupee refund for what you cancelled yesterday is still pending, call back our executive and share the OTP so the refund arrives today itself.",1,refund_callback,
"बधाई हो! आपका नंबर KBC लकी ड्रॉ में चुना गया है, इनाम राशि 25 लाख रुपये है। क्लेम के लिए 4999 रुपये प्रोसेसिंग फीस भेजें।","Congratulations! Your number has been selected in the KBC lucky draw, the prize amount is 25 lakh rupees. Send a 4999 rupee processing fee to claim it.",1,lottery_windfall,
आपके WhatsApp नंबर पर Jio कंपनी की 15वीं एनिवर्सरी लकी ड्रॉ में 12 लाख रुपये का इनाम निकला है। रजिस्ट्रेशन के लिए 500 रुपये जमा करें।,Your WhatsApp number has won a 12 lakh rupee prize in Jio company's 15th anniversary lucky draw. Deposit 500 rupees for registration.,1,lottery_windfall,
"आपने ऑनलाइन सर्वे में हिस्सा लिया था, उसमें आपका नाम विजेता के रूप में चुना गया है, इनाम 80000 रुपये का Amazon वाउचर। डिलीवरी चार्ज 299 रुपये भेजें।","You participated in an online survey, in that your name has been selected as the winner, the prize is an 80000 rupee Amazon voucher. Send a 299 rupee delivery charge.",1,lottery_windfall,
"Google लॉटरी विभाग से सूचना: आपका ईमेल आईडी 7,50,000 रुपये की विजेता सूची में है। TDS क्लियर करने के लिए 3500 रुपये भेजना जरूरी है।","Notice from the Google lottery department: your email ID is on the 7,50,000 rupee winner list. It is necessary to send 3500 rupees to clear the TDS.",1,lottery_windfall,
"शुभ समाचार! आपका सिम कार्ड नंबर इस महीने के लकी विनर लिस्ट में शामिल है, इनाम राशि 18 लाख। वेरिफिकेशन फीस 2100 रुपये आज जमा करें।","Good news! Your SIM card number is included in this month's lucky winner list, the prize amount is 18 lakh. Deposit a 2100 rupee verification fee today.",1,lottery_windfall,
"आपके मोबाइल नंबर को RBI द्वारा प्रायोजित डिजिटल इंडिया लकी ड्रॉ में 10 लाख रुपये का इनाम मिला है, दावा करने के लिए 1500 रुपये स्टाम्प ड्यूटी भरें।","Your mobile number has won a 10 lakh rupee prize in the RBI-sponsored Digital India lucky draw, pay a 1500 rupee stamp duty to claim it.",1,lottery_windfall,
"आपका सिलेक्शन इस साल की मेगा फेस्टिवल लॉटरी में हुआ है, प्राइज मनी 5 लाख। रिलीज करवाने के लिए हमारे एजेंट को 999 रुपये भेजें।","You have been selected in this year's mega festival lottery, prize money 5 lakh. Send 999 rupees to our agent to get it released.",1,lottery_windfall,
"Airtel यूज़र्स के लिए स्पेशल लकी विनर स्कीम, आपको 9 लाख रुपये कैश प्राइज मिला है। क्लेम करने के लिए इस नंबर पर कॉल करके अपनी बैंक डिटेल दें।","Special lucky winner scheme for Airtel users, you've received a 9 lakh rupee cash prize. Call this number to claim it and give your bank details.",1,lottery_windfall,
SBI: आपका KYC 20 अगस्त तक अपडेट नहीं हुआ तो आपका बचत खाता अस्थायी रूप से रोक दिया जाएगा। अभी अपडेट करने के लिए यहां क्लिक करें।,"SBI: if your KYC is not updated by August 20, your savings account will be temporarily frozen. Click here to update now.",1,kyc_block,
"प्रिय ग्राहक, ICICI बैंक का रिकॉर्ड बताता है कि आपकी पैन डिटेल KYC से मेल नहीं खा रही। 48 घंटे में सुधार न करने पर डेबिट कार्ड बंद हो जाएगा। लिंक पर जाकर वेरिफाई करें।","Dear customer, ICICI Bank's records show that your PAN details do not match your KYC. If not corrected within 48 hours, your debit card will be deactivated. Go to the link and verify.",1,kyc_block,
"नमस्ते, मैं HDFC बैंक ब्रांच से बोल रहा हूं। सिस्टम में आपका ई-केवाईसी वेरिफिकेशन पेंडिंग दिख रहा है, आधार लिंक करने के लिए मुझे OTP बताइए वरना खाता फ्रीज हो जाएगा।","Hello, I'm calling from an HDFC Bank branch. The system shows your e-KYC verification pending, tell me the OTP to link Aadhaar or the account will be frozen.",1,kyc_block,
"Axis Bank ALERT: आपके खाते में लेनदेन तब तक रुका रहेगा जब तक KYC वेरिफाई नहीं होता। तुरंत नीचे दिए लिंक से फॉर्म भरें, कल आखिरी दिन है।","Axis Bank ALERT: transactions on your account will remain blocked until KYC is verified. Fill the form from the link below immediately, tomorrow is the last day.",1,kyc_block,
आपका PNB खाता RBI के नए नियम के अनुसार तीन दिन में सस्पेंड हो जाएगा क्योंकि केवाईसी दस्तावेज पुराने हैं। नया दस्तावेज इस नंबर पर वॉट्सएप करें।,Your PNB account will be suspended in three days as per RBI's new rule because your KYC documents are outdated. WhatsApp new documents to this number.,1,kyc_block,
Kotak Mahindra Bank की तरफ से सूचना: आपकी KYC वैलिडिटी खत्म हो चुकी है। अगले 24 घंटे में अपडेट न करने पर सभी ऑनलाइन सेवाएं बंद कर दी जाएंगी।,"Notice from Kotak Mahindra Bank: your KYC validity has expired. If not updated in the next 24 hours, all online services will be discontinued.",1,kyc_block,
"बैंक ऑफ बड़ौदा (BOB) से: आपके म्यूचुअल फंड खाते में KYC मिसमैच पाया गया है, निवेश फ्रीज होने से बचने के लिए फॉर्म तुरंत भरें।","From Bank of Baroda (BOB): a KYC mismatch has been found in your mutual fund account, fill the form immediately to avoid your investment being frozen.",1,kyc_block,
यूनियन बैंक ग्राहक सेवा: आपका डेबिट कार्ड कल से काम नहीं करेगा क्योंकि बायोमेट्रिक KYC पेंडिंग है। नजदीकी शाखा जाने के बजाय इस लिंक से घर बैठे पूरा करें।,"Union Bank customer service: your debit card will stop working from tomorrow because biometric KYC is pending. Instead of going to the nearest branch, complete it from home via this link.",1,kyc_block,
"मैं क्राइम ब्रांच मुंबई से इंस्पेक्टर बोल रहा हूं। आपके आधार से जुड़े पार्सल में ड्रग्स मिले हैं। अभी वीडियो कॉल ऑन करके लाइन पर बने रहिए, जांच पूरी होने तक डिस्कनेक्ट मत कीजिए।","I'm an inspector speaking from Mumbai Crime Branch. Drugs have been found in a parcel linked to your Aadhaar. Turn on video call right now and stay on the line, do not disconnect until the investigation is complete.",1,digital_arrest,
"यह CBI हेडक्वार्टर से अधिकारी शर्मा बोल रहे हैं। आपके नाम पर मनी लॉन्ड्रिंग का केस दर्ज है, कोर्ट का वारंट है। जब तक हम स्क्रीन पर वर्दी में मौजूद हैं तब तक आप डिजिटल कस्टडी में हैं, कैमरा बंद मत करें।","This is officer Sharma speaking from CBI headquarters. A money laundering case is registered in your name, there is a court warrant. As long as we are present on screen in uniform, you are in digital custody, do not turn off the camera.",1,digital_arrest,
"नारकोटिक्स कंट्रोल ब्यूरो से बोल रहा हूं। आपके पैन कार्ड से जुड़े बैंक अकाउंट में ड्रग मनी ट्रांसफर हुआ पाया गया है। वीडियो कॉल पर बने रहकर अपनी सारी बैंक डिटेल सत्यापित कराइए, वरना आपको तुरंत गिरफ्तार किया जाएगा।","I'm calling from the Narcotics Control Bureau. Drug money transfer has been found in a bank account linked to your PAN card. Stay on the video call and get all your bank details verified, otherwise you will be arrested immediately.",1,digital_arrest,
"ED ऑफिसर बोल रहा हूं, मुंबई जोन। आपके खिलाफ फेमा एक्ट के तहत केस है। जब तक जांच पूरी नहीं होती, आप इस वीडियो कॉल से बाहर नहीं जा सकते, ये आपकी डिजिटल अरेस्ट है। सहयोग के लिए खाते की पूरी जानकारी शेयर करें।","I'm an ED officer, Mumbai zone. There is a case against you under the FEMA Act. Until the investigation is complete, you cannot leave this video call, this is your digital arrest. Share your complete account information for cooperation.",1,digital_arrest,
"साइबर क्राइम सेल दिल्ली से इंस्पेक्टर वर्मा। आपके सिम कार्ड से टेरर फंडिंग के मैसेज भेजे गए हैं, यह गंभीर मामला है। स्काइप वीडियो कॉल पर जुड़िए, जांच अधिकारी के सामने पेश होना अनिवार्य है, बीच में कॉल काटने पर वारंट जारी होगा।","Inspector Verma from Delhi Cyber Crime Cell. Terror funding messages have been sent from your SIM card, this is a serious matter. Join the Skype video call, it is mandatory to appear before the investigating officer, a warrant will be issued if you cut the call midway.",1,digital_arrest,
"मैं सुप्रीम कोर्ट लीगल सेल से बोल रहा हूं। आपका नाम एक अंतरराष्ट्रीय मनी लॉन्ड्रिंग रैकेट में आया है। हमारे साथ वीडियो कॉल पर लगातार बने रहिए जब तक स्टेटमेंट रिकॉर्ड नहीं हो जाता, किसी और को इस बारे में मत बताइए।","I'm calling from Supreme Court Legal Cell. Your name has come up in an international money laundering racket. Stay continuously on video call with us until the statement is recorded, do not tell anyone else about this.",1,digital_arrest,
"पुलिस यूनिफॉर्म में अधिकारी: आपके नाम से जारी सिम से ब्लैकमेल कॉल्स हुई हैं, केस मुंबई हाई कोर्ट में चल रहा है। जांच पूरी होने तक वीडियो कॉल बंद न करें, हिलना भी मत, कोर्ट ऑब्जर्वेशन में हैं आप अभी।","Officer in police uniform: blackmail calls have been made from a SIM issued in your name, the case is running in Mumbai High Court. Do not end the video call until the investigation is complete, don't even move, you are under court observation right now.",1,digital_arrest,
"यह RBI फ्रॉड मॉनिटरिंग सेल है, हमारे साथ CBI अधिकारी भी जुड़े हैं इस कॉल पर। आपके खाते से हवाला ट्रांजैक्शन हुआ पाया गया, वीडियो कॉल पर पूरी पूछताछ तक बैठे रहिए, बीच में उठे तो गिरफ्तारी वारंट भेज दिया जाएगा।","This is the RBI Fraud Monitoring Cell, CBI officers have also joined this call. A hawala transaction has been found from your account, stay seated through the entire questioning on video call, if you get up in between, an arrest warrant will be sent.",1,digital_arrest,
"मैंने गलती से आपको 5000 रुपये भेज दिए, कृपया कलेक्ट रिक्वेस्ट स्वीकार करके वापस भेज दीजिए, पैसा जरूरी काम के लिए चाहिए।","I accidentally sent you 5000 rupees, please accept the collect request and send it back, I need the money for urgent work.",1,upi_collect_request,
"आपको कैशबैक मिला है 250 रुपये का, बस भेजा हुआ रिक्वेस्ट एक्सेप्ट करके अपना पिन डालिए, पैसा तुरंत आपके खाते में आ जाएगा।","You've received a 250 rupee cashback, just accept the request that's been sent and enter your PIN, the money will come into your account instantly.",1,upi_collect_request,
"सर मैं वही डिलीवरी ब्वॉय हूं, गलती से कलेक्ट रिक्वेस्ट भेज दी है 20 रुपये की, प्लीज एक्सेप्ट कर दीजिए वरना मेरी सैलरी से कटेगा।","Sir, I'm the same delivery boy, I accidentally sent a collect request for 20 rupees, please accept it or it will be deducted from my salary.",1,upi_collect_request,
"आपका Google Pay रिवॉर्ड 199 रुपये का पेंडिंग है, इसे क्लेम करने के लिए भेजी गई रिक्वेस्ट को एक्सेप्ट करें और UPI पिन एंटर करें।","Your Google Pay reward of 199 rupees is pending, to claim it accept the request that has been sent and enter your UPI PIN.",1,upi_collect_request,
"भाई गलती से तुम्हें पैसे भेजने की जगह रिक्वेस्ट चली गई, 1500 रुपये की, एक्सेप्ट कर देना जल्दी से, अर्जेंट है।","Brother, instead of sending you money by mistake a request went out, for 1500 rupees, accept it quickly, it's urgent.",1,upi_collect_request,
"PhonePe से नोटिफिकेशन: आपके खाते में रिफंड आया है 340 रुपये का, प्राप्त करने के लिए भेजी गई रिक्वेस्ट स्वीकार करें।","Notification from PhonePe: a refund of 340 rupees has come to your account, accept the request sent to receive it.",1,upi_collect_request,
"मैडम आपका सामान बेच दिया OLX पर, पेमेंट भेज रहा हूं आपको, बस स्क्रीन पर आया रिक्वेस्ट एक्सेप्ट कर दीजिए, 6000 रुपये है।","Madam, I sold your item on OLX, I'm sending you the payment, just accept the request that appears on screen, it's 6000 rupees.",1,upi_collect_request,
"आपकी बिजली रीफंड 875 रुपये अप्रूव हो गई है, राशि पाने के लिए UPI ऐप पर आई रिक्वेस्ट को एक्सेप्ट करके पिन डालें।","Your electricity refund of 875 rupees has been approved, to receive the amount accept the request that came on the UPI app and enter your PIN.",1,upi_collect_request,
बिना किसी डॉक्यूमेंट के 3 लाख का पर्सनल लोन अप्रूव हो गया है आपका। डिसबर्सल के लिए 1499 रुपये प्रोसेसिंग फीस जमा करें।,Your 3 lakh personal loan has been approved without any documents. Deposit a 1499 rupee processing fee for disbursal.,1,loan_advance,
"Bajaj Finserv प्री-अप्रूव्ड लोन: 50000 रुपये सिर्फ आधार कार्ड पर, 10 मिनट में खाते में। फाइल चार्ज 599 रुपये पहले भेजना होगा।","Bajaj Finserv pre-approved loan: 50000 rupees just on Aadhaar card, in your account in 10 minutes. A 599 rupee file charge has to be sent first.",1,loan_advance,
"आपको 2 लाख का इंस्टेंट लोन मिल सकता है जीरो सिबिल चेक के साथ, बस इंश्योरेंस के 899 रुपये अभी जमा कर दीजिए, बाकी अमाउंट तुरंत ट्रांसफर होगा।","You can get an instant loan of 2 lakh with zero CIBIL check, just deposit the 899 rupee insurance right now, the rest of the amount will transfer immediately.",1,loan_advance,
"किसान क्रेडिट लोन स्कीम में आपका 1.5 लाख अप्रूव हुआ है, GST क्लियरेंस के लिए 750 रुपये सरकारी खाते में भेजें।","Your 1.5 lakh has been approved in the Kisan Credit Loan Scheme, send 750 rupees to the government account for GST clearance.",1,loan_advance,
"नमस्ते, HDFC लोन डिपार्टमेंट से बोल रहे हैं। आपका 80000 का लोन सैंक्शन हो चुका है, बस स्टाम्प ड्यूटी के 450 रुपये NEFT करें, आज ही अकाउंट में क्रेडिट होगा।","Hello, this is HDFC Loan Department calling. Your 80000 loan has been sanctioned, just NEFT the 450 rupee stamp duty, it will be credited to your account today itself.",1,loan_advance,
"गोल्ड लोन बिना गोल्ड जमा किए, सिर्फ फोटो भेजकर 1 लाख तक पाएं। वेरिफिकेशन फीस 599 रुपये आज ही भेजें, ऑफर सिर्फ आज के लिए है।","Gold loan without depositing gold, get up to 1 lakh just by sending a photo. Send the 599 rupee verification fee today itself, the offer is only for today.",1,loan_advance,
"आपका एजुकेशन लोन 4 लाख अप्रूव हो चुका है सरकारी स्कीम के तहत, फाइल ओपनिंग चार्ज 1200 रुपये जमा करके प्रोसेस पूरा करें।","Your 4 lakh education loan has been approved under the government scheme, complete the process by depositing a 1200 rupee file opening charge.",1,loan_advance,
"क्रेडिट कार्ड पर 0% ब्याज लोन ऑफर, 60000 रुपये सीधा खाते में। एक्टिवेशन के लिए 349 रुपये की मेंबरशिप फीस भेजनी होगी।","0% interest loan offer on credit card, 60000 rupees directly into your account. A 349 rupee membership fee has to be sent for activation.",1,loan_advance,
"आपका Flipkart ऑर्डर #FLP4521 कैंसिल हो गया है, 1899 रुपये रिफंड के लिए अपना कार्ड नंबर और CVV इस लिंक पर वेरिफाई करें।","Your Flipkart order #FLP4521 has been cancelled, verify your card number and CVV at this link for a 1899 rupee refund.",1,ecommerce_refund_phishing,
"Myntra: आपके रिटर्न किए गए आइटम का रिफंड फेल हो गया है। बैंक डिटेल दोबारा वेरिफाई करने के लिए फॉर्म भरें, वरना 2200 रुपये वापस नहीं मिलेंगे।","Myntra: the refund for your returned item has failed. Fill the form to re-verify bank details, or you will not get back the 2200 rupees.",1,ecommerce_refund_phishing,
"आपके Amazon अकाउंट में गलत ऑर्डर प्लेस हुआ है 6500 रुपये का, कैंसिल करने और रिफंड पाने के लिए इस लिंक पर अपनी डिटेल कन्फर्म करें।","A wrong order worth 6500 rupees has been placed on your Amazon account, confirm your details at this link to cancel it and get a refund.",1,ecommerce_refund_phishing,
"Meesho ऑर्डर वापसी: आपका 340 रुपये का रिफंड प्रोसेस नहीं हो पाया क्योंकि डेबिट कार्ड एक्सपायर हो गया, नया कार्ड डिटेल यहां अपडेट करें।","Meesho order return: your 340 rupee refund could not be processed because the debit card expired, update the new card details here.",1,ecommerce_refund_phishing,
"आपके Ajio ऑर्डर की डिलीवरी फेल हुई, रिफंड 1150 रुपये पाने के लिए इस लिंक पर UPI आईडी और पिन एंटर करें।","Your Ajio order delivery failed, enter your UPI ID and PIN at this link to receive a 1150 rupee refund.",1,ecommerce_refund_phishing,
"Snapdeal से सूचना: आपके ऑर्डर की पेमेंट डबल कट गई, 899 रुपये एक्स्ट्रा वापस पाने के लिए यहां क्लिक करके नेट बैंकिंग लॉगिन करें।","Notice from Snapdeal: your order payment was deducted twice, click here and log in to net banking to get back the extra 899 rupees.",1,ecommerce_refund_phishing,
"आपका BigBasket ऑर्डर पेमेंट फेल दिखा रहा है लेकिन पैसा कट गया, 720 रुपये रिफंड के लिए फॉर्म में कार्ड डिटेल भरें।","Your BigBasket order shows payment failed but the money was deducted, fill card details in the form for a 720 rupee refund.",1,ecommerce_refund_phishing,
"Nykaa कैशबैक ऑफर फेल हुआ, 450 रुपये वापस पाने के लिए इस लिंक पर जाकर अपना डेबिट कार्ड नंबर और एक्सपायरी डेट डालें।","Nykaa cashback offer failed, go to this link and enter your debit card number and expiry date to get back 450 rupees.",1,ecommerce_refund_phishing,
"PM किसान योजना के तहत आपके खाते में 4000 रुपये अतिरिक्त क्रेडिट होने वाले हैं, बैंक डिटेल वेरिफाई करने के लिए इस लिंक पर आधार नंबर डालें।","Under the PM Kisan scheme, an additional 4000 rupees is about to be credited to your account, enter your Aadhaar number at this link to verify bank details.",1,govt_scheme_lure,
"आयुष्मान भारत कार्ड फ्री बनवाएं, 5 लाख तक का इलाज मुफ्त। रजिस्ट्रेशन के लिए इस APK को डाउनलोड करके अपनी डिटेल भरें।","Get an Ayushman Bharat card made free, up to 5 lakh treatment free. Download this APK and fill in your details to register.",1,govt_scheme_lure,"combines a benefit lure with an APK install ask — real pattern per news reporting on fake PM-Kisan/scheme APKs, but flagging so a reviewer confirms it should stay in govt_scheme_lure rather than a separate malware/APK category"
"PM आवास योजना में आपका नाम लिस्ट में आया है, 2.5 लाख की सब्सिडी पाने के लिए फॉर्म में बैंक अकाउंट और आधार लिंक करें।","Your name has come up in the list for the PM Awas Yojana, link your bank account and Aadhaar in the form to receive a 2.5 lakh subsidy.",1,govt_scheme_lure,
"श्रमिक कार्ड धारकों के लिए सरकार दे रही है 3000 रुपये मासिक भत्ता, अभी आवेदन करें इस लिंक पर आधार और बैंक डिटेल भरकर।","The government is giving a 3000 rupee monthly allowance for labour card holders, apply now by filling in Aadhaar and bank details at this link.",1,govt_scheme_lure,
"उज्ज्वला योजना के तहत मुफ्त गैस सिलेंडर सब्सिडी 1200 रुपये आपके खाते में भेजी जाएगी, वेरिफिकेशन के लिए इस नंबर पर OTP शेयर करें।","A free gas cylinder subsidy of 1200 rupees under the Ujjwala Yojana will be sent to your account, share the OTP on this number for verification.",1,govt_scheme_lure,
"बेटी बचाओ बेटी पढ़ाओ स्कीम में आपकी बेटी के नाम 50000 रुपये की छात्रवृत्ति मंजूर हुई है, क्लेम फॉर्म में बैंक डिटेल भरें इस लिंक पर।","A 50000 rupee scholarship has been approved in your daughter's name under the Beti Bachao Beti Padhao scheme, fill bank details in the claim form at this link.",1,govt_scheme_lure,
"फ्री राशन कार्ड अपडेट स्कीम: सरकार दे रही है 2000 रुपये कैश ट्रांसफर, अभी अपना आधार और मोबाइल नंबर इस पोर्टल पर लिंक करें।","Free ration card update scheme: the government is giving a 2000 rupee cash transfer, link your Aadhaar and mobile number on this portal right now.",1,govt_scheme_lure,
"स्वनिधि योजना के तहत रेहड़ी पटरी वालों को 10000 रुपये का बिना ब्याज लोन मिल रहा है, आवेदन के लिए इस लिंक पर बैंक पासबुक फोटो अपलोड करें।","Under the SVANidhi scheme, street vendors are getting an interest-free loan of 10000 rupees, upload a photo of your bank passbook at this link to apply.",1,govt_scheme_lure,
"आपके कंप्यूटर में 3 वायरस मिले हैं, हमारा Microsoft टेक्नीशियन फ्री में ठीक कर देगा, बस AnyDesk डाउनलोड करके कोड शेयर कीजिए।","3 viruses have been found in your computer, our Microsoft technician will fix it for free, just download AnyDesk and share the code.",1,tech_support_remote,
"Norton सब्सक्रिप्शन 5499 रुपये ऑटो-रिन्यू हो गई है, कैंसिल कराने के लिए इस नंबर पर कॉल करके TeamViewer से स्क्रीन एक्सेस दीजिए।","Norton subscription has auto-renewed for 5499 rupees, to get it cancelled call this number and give screen access via TeamViewer.",1,tech_support_remote,
"आपका राउटर हैक हो चुका है, हम आपके इंटरनेट प्रोवाइडर से बोल रहे हैं। रिमोट एक्सेस देकर सिक्योरिटी सेटअप ठीक करवाइए वरना कनेक्शन कट जाएगा।","Your router has been hacked, we're calling from your internet provider. Give remote access to get the security setup fixed or the connection will be cut.",1,tech_support_remote,
"Dell सर्विस सेंटर से बोल रहे हैं, आपके लैपटॉप की वारंटी क्लेम के लिए रिमोट डायग्नोसिस जरूरी है, AnyDesk इंस्टॉल करके कोड भेजिए।","We're calling from the Dell service center, remote diagnosis is required for your laptop's warranty claim, install AnyDesk and send the code.",1,tech_support_remote,
"आपके Gmail अकाउंट में संदिग्ध लॉगिन रूस से हुआ है, इसे सिक्योर करने के लिए Google सपोर्ट टीम को स्क्रीन शेयरिंग एक्सेस दीजिए।","A suspicious login has occurred on your Gmail account from Russia, give the Google support team screen sharing access to secure it.",1,tech_support_remote,
"आपके फोन में मैलवेयर डिटेक्ट हुआ है, एंटी-वायरस अपडेट के लिए हमारे टेक्नीशियन को QuickSupport ऐप से एक्सेस दीजिए, चार्ज सिर्फ 199 रुपये है।","Malware has been detected on your phone, give our technician access via the QuickSupport app for an antivirus update, the charge is only 199 rupees.",1,tech_support_remote,
"यह Windows सुरक्षा चेतावनी है, आपका सिस्टम कंप्रोमाइज हो गया है, तुरंत इस नंबर पर कॉल करके हमारे इंजीनियर को स्क्रीन एक्सेस दीजिए।","This is a Windows security warning, your system has been compromised, call this number immediately and give our engineer screen access.",1,tech_support_remote,
"आपके प्रिंटर ड्राइवर में गड़बड़ी की शिकायत मिली है HP सपोर्ट को, फ्री रिपेयर के लिए AnyDesk कोड शेयर कीजिए हमारे तकनीशियन के साथ।","HP support has received a complaint about a fault in your printer driver, share the AnyDesk code with our technician for a free repair.",1,tech_support_remote,
"A/c में 32,400 रुपये का अनऑथराइज्ड डेबिट हुआ है Amazon Pay से। यह ट्रांजैक्शन आपने नहीं किया तो हमारे फ्रॉड हेल्पलाइन पर तुरंत कॉल करें।","An unauthorized debit of 32,400 rupees has occurred from Amazon Pay in your A/c. If you did not make this transaction, call our fraud helpline immediately.",1,debit_alert_vishing,
"आपके कार्ड से 18,750 रुपये विदेश में POS पर स्वाइप हुए हैं। यदि यह आपने नहीं किया तो कार्ड ब्लॉक कराने के लिए हमारे रिकवरी सेल को कॉल बैक करें।","18,750 rupees has been swiped on a POS abroad from your card. If you did not do this, call back our recovery cell to get the card blocked.",1,debit_alert_vishing,
"बैंक अलर्ट: आपके खाते से 9,999 रुपये किसी अनजान ऐप से डेबिट हुए हैं। धोखाधड़ी होने पर 5 मिनट में इस नंबर पर कॉल करें, पैसा रोका जा सकता है।","Bank alert: 9,999 rupees has been debited from your account by an unknown app. If it's fraudulent, call this number within 5 minutes, the money can be stopped.",1,debit_alert_vishing,
"आपके क्रेडिट कार्ड से इंटरनेशनल ट्रांजैक्शन हुआ, 45,200 रुपये दुबई में खर्च हुए। तुरंत हमारी फ्रॉड टीम से संपर्क करें कार्ड ब्लॉक कराने के लिए।","An international transaction has occurred on your credit card, 45,200 rupees was spent in Dubai. Contact our fraud team immediately to get the card blocked.",1,debit_alert_vishing,
"अलर्ट: आपके UPI से 6,500 रुपये किसी अन्य डिवाइस से भेजे गए हैं। यह लेनदेन आपका नहीं है तो नीचे दिए नंबर पर तुरंत कॉल करें।","Alert: 6,500 rupees has been sent from your UPI from another device. If this transaction is not yours, call the number given below immediately.",1,debit_alert_vishing,
"आपके सेविंग अकाउंट से 12,300 रुपये ATM से निकाले गए हैं जो चेन्नई की मशीन से हुआ। यदि आप वहां नहीं थे, हमारे बैंक हेल्पलाइन पर अभी कॉल करें।","12,300 rupees has been withdrawn from your savings account from an ATM, which happened at a machine in Chennai. If you were not there, call our bank helpline right now.",1,debit_alert_vishing,
"SECURITY ALERT: आपके डेबिट कार्ड से 2,199 रुपये का सब्सक्रिप्शन विदेशी वेबसाइट पर कटा है। कैंसिल कराने के लिए हमारी टीम को कॉल करें, नंबर नीचे है।","SECURITY ALERT: a 2,199 rupee subscription has been charged on your debit card at a foreign website. Call our team to get it cancelled, the number is below.",1,debit_alert_vishing,
"आपके खाते में असामान्य गतिविधि मिली है, 27,000 रुपये का ट्रांसफर हुआ है किसी नए लाभार्थी को। तुरंत इस नंबर पर कॉल कर ट्रांजैक्शन रुकवाएं।","Unusual activity has been found in your account, a transfer of 27,000 rupees has been made to a new beneficiary. Call this number immediately to stop the transaction.",1,debit_alert_vishing,
"आपके HDFC क्रेडिट कार्ड के 15,600 रिवॉर्ड पॉइंट्स आज एक्सपायर हो रहे हैं। रिडीम करने के लिए इस लिंक पर कार्ड डिटेल कन्फर्म करें।","Your HDFC credit card's 15,600 reward points are expiring today. Confirm your card details at this link to redeem them.",1,reward_points,
"SBI कार्ड रिवॉर्ड्स: आपके 8,200 पॉइंट्स कैश में बदले जा सकते हैं, बस SMS पर आया कन्फर्मेशन कोड इस नंबर पर भेजें।","SBI Card rewards: your 8,200 points can be converted to cash, just send the confirmation code that came on SMS to this number.",1,reward_points,
"Axis बैंक: आपके 22,000 रिवॉर्ड पॉइंट्स की वैल्यू 4,400 रुपये है, वॉलेट में ट्रांसफर करने के लिए ऐप डाउनलोड करके OTP डालें।","Axis Bank: your 22,000 reward points are worth 4,400 rupees, download the app and enter the OTP to transfer to your wallet.",1,reward_points,
"Amazon Pay रिवॉर्ड्स: आपके 599 रुपये के पॉइंट्स रिडीम होने वाले हैं, आज रात 12 बजे तक अकाउंट लिंक न करने पर सब खत्म हो जाएंगे।","Amazon Pay rewards: your points worth 599 rupees are about to be redeemed, if you don't link your account by 12 tonight (midnight) they will all expire.",1,reward_points,
"ICICI बैंक कार्ड सर्विस: आपके पॉइंट्स की वैल्यू 3,850 रुपये हो गई है, क्लेम फॉर्म भरकर कार्ड नंबर और एक्सपायरी वेरिफाई करें।","ICICI Bank card service: your points are now worth 3,850 rupees, fill the claim form and verify your card number and expiry.",1,reward_points,
"Flipkart SuperCoins: आपके 1200 कॉइन कैश में कन्वर्ट होने वाले हैं, वेरिफिकेशन के लिए इस लिंक पर बैंक डिटेल डालें।","Flipkart SuperCoins: your 1200 coins are about to be converted to cash, enter bank details at this link for verification.",1,reward_points,
"Paytm फर्स्ट गेम्स रिवॉर्ड: आपको 999 रुपये का बोनस मिला है, विदड्रॉ करने के लिए वॉलेट पिन इस फॉर्म में एंटर करें।","Paytm First Games reward: you've received a bonus of 999 rupees, enter your wallet PIN in this form to withdraw it.",1,reward_points,
"Kotak बैंक लॉयल्टी पॉइंट्स: 5,000 पॉइंट्स की वैलिडिटी कल खत्म हो रही है, रिन्यू करने के लिए तुरंत ऐप में लॉगिन डिटेल भरें।","Kotak Bank loyalty points: 5,000 points' validity ends tomorrow, fill login details in the app immediately to renew them.",1,reward_points,
"मैंने आपकी वीडियो कॉल रिकॉर्ड कर ली है, अगर 15000 रुपये नहीं भेजे तो यह आपके सारे फेसबुक कॉन्टैक्ट्स को भेज दूंगा।","I've recorded your video call, if you don't send 15000 rupees I'll send it to all your Facebook contacts.",1,sextortion,
"तुम्हारा न्यूड वीडियो मेरे पास है कल रात की कॉल का, 25000 रुपये भेजो वरना फैमिली ग्रुप में डाल दूंगी।","I have your nude video from last night's call, send 25000 rupees or I'll put it in the family group.",1,sextortion,
"अनजान नंबर: कल रात हुई वीडियो कॉल की रिकॉर्डिंग है मेरे पास, ऑफिस के सबको भेजना है या 30000 रुपये भेजोगे अभी?","Unknown number: I have the recording of last night's video call, should I send it to everyone at the office or will you send 30000 rupees right now?",1,sextortion,
"तुम्हारा स्क्रीनशॉट लिया है वीडियो कॉल के दौरान, इंस्टाग्राम पर वायरल करने से पहले 10000 रुपये भेज दो, नहीं तो पछताओगे।","I took a screenshot during the video call, send 10000 rupees before it goes viral on Instagram, otherwise you'll regret it.",1,sextortion,
"आपकी बेटी की फोटो एडिट करके आपत्तिजनक बना दी है, स्कूल ग्रुप में भेजने से पहले 20000 रुपये मांगे जा रहे हैं, वरना बदनामी होगी।","Your daughter's photo has been edited to make it obscene, 20000 rupees is being demanded before it's sent to the school group, otherwise there will be disgrace.",1,sextortion,variant mechanism — targets a parent over a morphed photo of a family member rather than the recipient's own video/photo; kept as a documented morphing-blackmail variant but worth confirming it belongs in this category rather than a separate one
"वो वाला वीडियो सेव है मेरे पास, तुम्हारी शादी की फोटो भी है प्रोफाइल पर, 12000 भेज दो 2 घंटे में वरना रिश्तेदारों को भेज दूंगा।","I have that video saved, and I also have your wedding photos on your profile, send 12000 in 2 hours or I'll send it to your relatives.",1,sextortion,
"मैंने आपकी कॉल रिकॉर्ड करके एडिट कर दी है, वायरल होने से बचाने के लिए 18000 रुपये आज रात तक भेजना होगा इस नंबर पर।","I've recorded and edited your call, to stop it from going viral you'll have to send 18000 rupees to this number by tonight.",1,sextortion,
"तुम्हारी कंपनी के HR ईमेल पर वो क्लिप भेज दूंगा अगर पैसे नहीं मिले, 22000 रुपये चाहिए अभी वरना नौकरी भी जाएगी।","I'll send that clip to your company's HR email if I don't get the money, I need 22000 rupees right now or you'll lose your job too.",1,sextortion,
"यह TRAI से सूचना है, आपके नाम पर 9 सिम कार्ड एक्टिव हैं जो नियम विरुद्ध है, 2 घंटे में नंबर डिएक्टिवेट हो जाएगा, e-KYC के लिए 9 दबाएं।","This is a notice from TRAI, 9 SIM cards are active in your name which is against the rules, the number will be deactivated in 2 hours, press 9 for e-KYC.",1,sim_ekyc,
"आपका मोबाइल नंबर गैरकानूनी गतिविधि में इस्तेमाल पाया गया है, दूरसंचार विभाग द्वारा 24 घंटे में बंद कर दिया जाएगा, तुरंत हमें कॉल करके e-KYC वेरिफाई कराएं।","Your mobile number has been found used in illegal activity, it will be disconnected by the Department of Telecommunications within 24 hours, call us immediately to get e-KYC verified.",1,sim_ekyc,
"Jio यूजर अलर्ट: आपका सिम कल रात से बंद हो जाएगा क्योंकि आधार लिंक अपडेट नहीं हुआ, अभी इस नंबर पर कॉल करके OTP शेयर करें।","Jio user alert: your SIM will be disconnected from tomorrow night because the Aadhaar link was not updated, call this number right now and share the OTP.",1,sim_ekyc,
"संचार साथी पोर्टल से सूचना: आपके नाम पर एक फर्जी सिम एक्टिवेट पाई गई, इसे ब्लॉक करने के लिए तुरंत कॉल करें, नहीं तो आपका असली नंबर भी बंद हो जाएगा।","Notice from the Sanchar Saathi portal: a fraudulent SIM has been found activated in your name, call immediately to block it, otherwise your real number will also be disconnected.",1,sim_ekyc,
"Airtel से: आपके सिम की e-KYC प्रक्रिया अधूरी है, कल आधी रात तक पूरी न करने पर आउटगोइंग कॉल बंद हो जाएगी, इस नंबर पर कॉल करके वेरिफाई करें।","From Airtel: your SIM's e-KYC process is incomplete, if not completed by midnight tomorrow, outgoing calls will stop, call this number to verify.",1,sim_ekyc,
"यह दूरसंचार नियामक प्राधिकरण की रिकॉर्डेड कॉल है, आपके सिम से स्पैम कॉल्स की शिकायत मिली है, नंबर बंद होने से बचने के लिए 1 दबाकर अपनी डिटेल कन्फर्म करें।","This is a recorded call from the telecom regulatory authority, complaints of spam calls have been received from your SIM, press 1 to confirm your details to avoid the number being disconnected.",1,sim_ekyc,
"Vi नेटवर्क अलर्ट: आपका सिम कार्ड री-वेरिफिकेशन के लिए फ्लैग हुआ है, कल शाम तक प्रोसेस पूरी न होने पर सेवाएं बंद होंगी, कस्टमर केयर को कॉल करें।","Vi network alert: your SIM card has been flagged for re-verification, if the process is not completed by tomorrow evening services will be discontinued, call customer care.",1,sim_ekyc,
"आपके आधार से जुड़े 12 सिम कार्ड मिले हैं जो अवैध है, तुरंत इस टोल फ्री नंबर पर कॉल करके अपना असली सिम बचाने के लिए वेरिफिकेशन कराएं।","12 SIM cards linked to your Aadhaar have been found which is illegal, call this toll-free number immediately to get verification done to save your real SIM.",1,sim_ekyc,
"हमारे Telegram ग्रुप में जुड़िए, हर महीने 40% गारंटीड रिटर्न, सिर्फ 5000 रुपये से शुरू करें और कल से मुनाफा कमाना शुरू करें।","Join our Telegram group, 40% guaranteed return every month, start with just 5000 rupees and start earning profit from tomorrow.",1,investment,
"स्टॉक टिप्स एक्सपर्ट: कल के मल्टीबैगर शेयर की जानकारी के लिए 999 रुपये में VIP ग्रुप जॉइन करें, 3 दिन में डबल पैसा गारंटी।","Stock tips expert: join the VIP group for 999 rupees for information on tomorrow's multibagger share, guaranteed double money in 3 days.",1,investment,
"क्रिप्टो में इन्वेस्ट करें और रोज 3% का फिक्स्ड रिटर्न पाएं, 10000 रुपये से शुरुआत करें, हमारे ऐप में वॉलेट बनाकर डिपॉजिट करें।","Invest in crypto and get a fixed 3% return daily, start with 10000 rupees, create a wallet in our app and deposit.",1,investment,
"म्यूचुअल फंड एडवाइजर बोल रहा हूं, हमारी स्कीम में 6 महीने में पैसा डबल होता है, सिर्फ आज 15000 रुपये का SIP शुरू करें विशेष छूट के साथ।","I'm speaking as a mutual fund advisor, in our scheme money doubles in 6 months, start a 15000 rupee SIP just today with a special discount.",1,investment,
"फॉरेक्स ट्रेडिंग सिग्नल ग्रुप: रोज 2000 रुपये कमाएं सिर्फ 30 मिनट काम करके, एंट्री फीस 1500 रुपये आज ही जमा करें।","Forex trading signal group: earn 2000 rupees daily by working just 30 minutes, deposit a 1500 rupee entry fee today itself.",1,investment,
"IPO प्री-लिस्टिंग एलॉटमेंट गारंटी, 25000 रुपये लगाकर 3 दिन में 75000 पाएं, हमारे एजेंट को अभी कॉल करके अकाउंट खुलवाएं।","Guaranteed IPO pre-listing allotment, invest 25000 rupees and get 75000 in 3 days, call our agent right now to get an account opened.",1,investment,
"गोल्ड ट्रेडिंग बॉट में इन्वेस्ट करें, ऑटोमेटिक 5% डेली प्रॉफिट, न्यूनतम डिपॉजिट 8000 रुपये, आज जॉइन करने पर बोनस भी मिलेगा।","Invest in a gold trading bot, automatic 5% daily profit, minimum deposit 8000 rupees, you'll also get a bonus if you join today.",1,investment,
"हमारे प्राइवेट इक्विटी फंड में 50000 रुपये लगाएं और 2 महीने में 1.5 लाख पाएं, सीमित सीटें बची हैं, अभी रजिस्टर करें।","Invest 50000 rupees in our private equity fund and get 1.5 lakh in 2 months, limited seats remain, register now.",1,investment,
"टीम, हमारा पेरोल पोर्टल बदल गया है, कृपया इस नए लिंक पर अपना सैलरी अकाउंट दोबारा रजिस्टर करें ताकि इस महीने की सैलरी समय पर मिल सके।","Team, our payroll portal has changed, please re-register your salary account on this new link so this month's salary can be received on time.",1,payroll_bec,
"मैं CEO बोल रहा हूं, अभी मीटिंग में हूं इसलिए टेक्स्ट कर रहा हूं। एक क्लाइंट के लिए 15000 रुपये के Amazon गिफ्ट कार्ड अभी खरीदकर कोड भेजो।","This is the CEO speaking, I'm in a meeting right now so I'm texting. Buy 15000 rupees worth of Amazon gift cards right now for a client and send me the codes.",1,payroll_bec,
"फाइनेंस टीम से अनुरोध: वेंडर का बैंक अकाउंट बदल गया है, आज की पेमेंट 85000 रुपये नए अकाउंट में ट्रांसफर करें, डिटेल अटैच है।","Request from the finance team: the vendor's bank account has changed, transfer today's payment of 85000 rupees to the new account, details attached.",1,payroll_bec,
"हाय, मैं HR मैनेजर बोल रही हूं, आपकी सैलरी री-प्रोसेसिंग के लिए बैंक डिटेल फिर से इस फॉर्म में अपडेट करनी होगी, कल तक जमा करें।","Hi, this is the HR manager, you need to update your bank details again in this form for salary re-processing, submit by tomorrow.",1,payroll_bec,
"बॉस बोल रहा हूं, अर्जेंट है, मीटिंग में हूं कॉल नहीं कर सकता। 20000 रुपये का Google Play गिफ्ट कार्ड खरीदकर कोड भेज दो, बाद में एडजस्ट कर लेंगे।","This is the boss speaking, it's urgent, I'm in a meeting and can't call. Buy a 20000 rupee Google Play gift card and send me the codes, we'll adjust it later.",1,payroll_bec,
"एडमिन टीम: नए टैक्स नियम के अनुसार सभी कर्मचारियों को PAN और बैंक डिटेल इस लिंक पर दोबारा अपडेट करनी है, वरना सैलरी होल्ड हो जाएगी।","Admin team: as per the new tax rule, all employees need to update PAN and bank details again at this link, otherwise salary will be put on hold.",1,payroll_bec,
"यह डायरेक्टर ऑफिस से है, इस महीने बोनस डिस्ट्रीब्यूशन के लिए हर कर्मचारी को अपना IFSC कोड और खाता नंबर इस फॉर्म में सत्यापित करना है।","This is from the director's office, for this month's bonus distribution every employee needs to verify their IFSC code and account number in this form.",1,payroll_bec,
"मैनेजर बोल रहा हूं, क्लाइंट को अर्जेंट पेमेंट भेजनी है 45000 रुपये की, मैं अभी बिजी हूं, तुम अपने अकाउंट से भेज दो, कंपनी वापस कर देगी।","This is the manager speaking, an urgent payment of 45000 rupees needs to be sent to a client, I'm busy right now, send it from your account, the company will reimburse it.",1,payroll_bec,
"आपकी गाड़ी DL8CAF1234 का 500 रुपये का चालान पेंडिंग है, आज ही आधा अमाउंट में सेटल करने के लिए इस लिंक पर पेमेंट करें।","Your vehicle DL8CAF1234 has a pending challan of 500 rupees, pay at this link today to settle it for half the amount.",1,traffic_challan,
"ट्रैफिक पुलिस से सूचना: सिग्नल जंप करने का चालान 1000 रुपये कटा है, 24 घंटे में लिंक से भुगतान न करने पर कोर्ट केस बनेगा।","Notice from traffic police: a 1000 rupee challan has been issued for jumping a signal, if not paid via the link within 24 hours a court case will be made.",1,traffic_challan,
"e-चालान पेंडिंग है आपकी बाइक पर 2 चालान, कुल 1500 रुपये, आज लास्ट डेट है, इस लिंक से तुरंत भुगतान करें वरना लाइसेंस सस्पेंड होगा।","2 e-challans are pending on your bike, total 1500 rupees, today is the last date, pay immediately via this link or your license will be suspended.",1,traffic_challan,
"परिवहन विभाग से: ओवरस्पीडिंग का चालान 750 रुपये आपके नंबर पर जनरेट हुआ है, स्पेशल छूट के साथ आज ही पे करें इस लिंक पर।","From the transport department: a 750 rupee overspeeding challan has been generated on your number, pay today itself with a special discount at this link.",1,traffic_challan,
"आपकी गाड़ी का हेलमेट न पहनने का चालान 300 रुपये बकाया है, e-चालान पोर्टल पर पेमेंट स्टेटस पेंडिंग दिखा रहा है, अभी क्लियर करें।","A 300 rupee challan for not wearing a helmet is due on your vehicle, the e-challan portal shows payment status pending, clear it now.",1,traffic_challan,
"आपकी कार का नंबर CCTV में नो-पार्किंग जोन में कैद हुआ, चालान 600 रुपये का बना है, फाइनल नोटिस से पहले इस लिंक पर पेमेंट करें।","Your car's number was captured on CCTV in a no-parking zone, a 600 rupee challan has been made, pay at this link before the final notice.",1,traffic_challan,
"ट्रैफिक चालान अलर्ट: रेड लाइट वायलेशन के 1200 रुपये बकाया हैं, आज पेमेंट करने पर 50% माफी मिलेगी, लिंक पर क्लिक करें।","Traffic challan alert: 1200 rupees is due for a red light violation, you'll get a 50% waiver if you pay today, click the link.",1,traffic_challan,
"आपके वाहन पर 3 पुराने चालान मिले हैं कुल 2100 रुपये के, सेटलमेंट स्कीम में आज आखिरी दिन आधे रेट पर भुगतान कर सकते हैं।","3 old challans totaling 2100 rupees have been found on your vehicle, today is the last day in the settlement scheme when you can pay at half rate.",1,traffic_challan,
"आपके SBI खाते में 45,000 रुपये वेतन के रूप में जमा हुए हैं।","45,000 rupees has been credited to your SBI account as salary.",0,banking_notification,
"आपका ICICI क्रेडिट कार्ड बिल 12,340 रुपये का जनरेट हुआ है, देय तिथि 18 तारीख है।","Your ICICI credit card bill of 12,340 rupees has been generated, the due date is the 18th.",0,banking_notification,
"HDFC नेट बैंकिंग से आपने अभी 2,500 रुपये ट्रांसफर किए, ट्रांजैक्शन सफल रहा।","You just transferred 2,500 rupees via HDFC net banking, the transaction was successful.",0,banking_notification,
"आपका फिक्स्ड डिपॉजिट आज मैच्योर हो गया, राशि आपके लिंक्ड खाते में जमा कर दी गई है।","Your fixed deposit matured today, the amount has been credited to your linked account.",0,banking_notification,
"आपका मासिक बैंक स्टेटमेंट अटैच है, कृपया लेनदेन जांच लें।","Your monthly bank statement is attached, please review the transactions.",0,banking_notification,
आपके Axis खाते से 460 रुपये का ऑटो-डेबिट बिजली बिल के लिए हुआ है।,An auto-debit of 460 rupees has occurred from your Axis account for the electricity bill.,0,banking_notification,
"SIP की किस्त 2,000 रुपये आज सफलतापूर्वक कट गई है।","The SIP installment of 2,000 rupees was successfully deducted today.",0,banking_notification,
आपके खाते में चेक नंबर 004521 क्लियर होकर जमा हो गया है।,Cheque number 004521 has cleared and been credited to your account.,0,banking_notification,
"पासवर्ड सफलतापूर्वक बदला गया है, अगर यह आपने नहीं किया तो कस्टमर केयर से संपर्क करें।","The password has been successfully changed, if this was not you, contact customer care.",0,banking_notification,
आपके अकाउंट के लिए टू-स्टेप वेरिफिकेशन ऑन कर दिया गया है।,Two-step verification has been turned on for your account.,0,banking_notification,
"नए डिवाइस से लॉगिन हुआ है आपके Google खाते में, अगर यह आप नहीं थे तो पासवर्ड बदलें।","A login has occurred on your Google account from a new device, change your password if this wasn't you.",0,banking_notification,
"आपका मिनिमम ड्यू 350 रुपये है, कुल बकाया 5,890 रुपये, भुगतान तिथि 25 तारीख।","Your minimum due is 350 rupees, total outstanding 5,890 rupees, payment date the 25th.",0,banking_notification,
"आपके PPF खाते में इस साल का ब्याज 8,200 रुपये जमा हो गया है।","This year's interest of 8,200 rupees has been credited to your PPF account.",0,banking_notification,
आपकी ऑटो-पे रिक्वेस्ट Netflix के लिए 199 रुपये सफलतापूर्वक प्रोसेस हो गई है।,Your auto-pay request for Netflix has been successfully processed for 199 rupees.,0,banking_notification,
"आपके डेबिट कार्ड की ट्रांजैक्शन लिमिट अभी 1 लाख रुपये प्रतिदिन है, बदलने के लिए ऐप में सेटिंग देखें।","Your debit card's transaction limit is currently 1 lakh rupees per day, check settings in the app to change it.",0,banking_notification,
"आपका इंश्योरेंस प्रीमियम 4,500 रुपये अगले हफ्ते ऑटो-डेबिट होगा, बैलेंस चेक कर लें।","Your insurance premium of 4,500 rupees will be auto-debited next week, please check your balance.",0,banking_notification,
"आपके अकाउंट में विदेश से 15,000 रुपये का इनवर्ड रेमिटेंस क्रेडिट हुआ है।","An inward remittance of 15,000 rupees from abroad has been credited to your account.",0,banking_notification,
"आपका डिमैट खाता आज सफलतापूर्वक एक्टिवेट हो गया है, अब आप ट्रेडिंग शुरू कर सकते हैं।","Your demat account has been successfully activated today, you can now start trading.",0,banking_notification,
"आज सुबह 9 बजे आपके खाते से 3,200 रुपये का ATM विदड्रॉल हुआ, बैलेंस 18,760 रुपये है।","An ATM withdrawal of 3,200 rupees occurred from your account this morning at 9 o'clock, balance is 18,760 rupees.",0,banking_notification,
"आपका लॉकर किराया 2,000 रुपये अगले महीने की 5 तारीख को डेबिट होगा।","Your locker rent of 2,000 rupees will be debited on the 5th of next month.",0,banking_notification,
आपके सेविंग खाते पर इस तिमाही 340 रुपये ब्याज जमा हुआ है।,340 rupees interest has been credited to your savings account this quarter.,0,banking_notification,
"क्रेडिट कार्ड का पेमेंट 8,500 रुपये सफलतापूर्वक प्राप्त हो गया है।","A credit card payment of 8,500 rupees has been successfully received.",0,banking_notification,
"आपके होम लोन की EMI 22,400 रुपये आज कट गई है, अगली किस्त अगले महीने की 5 तारीख को है।","Your home loan EMI of 22,400 rupees was deducted today, the next installment is on the 5th of next month.",0,banking_notification,
"आपका पासबुक अपडेट के लिए ब्रांच में उपलब्ध है, कभी भी आकर प्रिंट करवा सकते हैं।","Your passbook is available at the branch for updating, you can come and get it printed anytime.",0,banking_notification,
"आपके क्रेडिट कार्ड पर इस महीने 1,240 रुपये का कैशबैक जमा हुआ है, अगले बिल में एडजस्ट होगा।","A cashback of 1,240 rupees has been credited on your credit card this month, it will be adjusted in the next bill.",0,banking_notification,
"आज ऑफिस से लेट होगा, खाना मत बनाना मेरे लिए।","I'll be late from office today, don't cook for me.",0,personal_family_chat,
"मम्मी, कल रात की ट्रेन से पहुंच रहा हूं, स्टेशन पर मत आना, ऑटो ले लूंगा।","Mom, I'm arriving by tomorrow night's train, don't come to the station, I'll take an auto.",0,personal_family_chat,
"भाई कल क्रिकेट मैच देखने चलें क्या, टिकट मिल रहे हैं।","Brother, shall we go watch the cricket match tomorrow, tickets are available.",0,personal_family_chat,
"बेटा परीक्षा कैसी गई आज, सब सवाल आए?","Son, how did the exam go today, did all the questions come?",0,personal_family_chat,
"दीदी शादी की साड़ी पसंद आ गई, फोटो भेज रही हूं देख लो।","Sister, I liked the wedding sari, I'm sending a photo, take a look.",0,personal_family_chat,
"पापा गाड़ी की सर्विसिंग करवा दी है, अब आराम से चलेगी।","Dad, I've got the car serviced, it will run smoothly now.",0,personal_family_chat,
"चाची जी, कल आपके घर आना है, कुछ लाना हो तो बताइए।","Aunty, I need to come to your place tomorrow, let me know if you need anything.",0,personal_family_chat,
"यार जन्मदिन की पार्टी शनिवार को रखी है, तुम जरूर आना।","Buddy, the birthday party is planned for Saturday, you must come.",0,personal_family_chat,
"मौसी घर पर सब ठीक है, टेंशन मत लो, फ्री होकर कॉल करना।","Aunty, everything is fine at home, don't worry, call when you're free.",0,personal_family_chat,
"अरे कल छुट्टी है ऑफिस में, चलो कहीं घूमने चलते हैं।","Hey, there's a holiday at office tomorrow, let's go somewhere for an outing.",0,personal_family_chat,
"बारिश हो रही है बाहर, छाता लेकर निकलना।","It's raining outside, take an umbrella when you go out.",0,personal_family_chat,
"आज रात का खाना मैंने बना दिया है, बस गर्म कर लेना।","I've made dinner tonight, just heat it up.",0,personal_family_chat,
"भैया गाड़ी की चाबी टेबल पर रखी है, ले जाना मत भूलना।","Brother, the car keys are on the table, don't forget to take them.",0,personal_family_chat,
कल सुबह डॉक्टर के पास जाना है साथ चल सकते हो क्या।,"I have to go to the doctor tomorrow morning, can you come along?",0,personal_family_chat,
"आंटी का फोन आया था, वो शनिवार को घर आ रही हैं।","Aunty called, she's coming home on Saturday.",0,personal_family_chat,
"बेटी स्कूल से आते वक्त दूध लेती आना, फ्रिज में खत्म हो गया है।","Daughter, bring milk on your way from school, it's finished in the fridge.",0,personal_family_chat,
"पड़ोस वाले शर्मा जी का बेटा कल शादी में आया था, बहुत बड़ा हो गया है।","Sharma ji's son from next door came to the wedding yesterday, he's grown so much.",0,personal_family_chat,
जीजाजी कह रहे थे इस वीकेंड फार्महाउस चलते हैं सब मिलकर।,Brother-in-law was saying let's all go to the farmhouse this weekend.,0,personal_family_chat,
"मामा जी का हाल-चाल पूछने के लिए कल फोन करना है, भूल मत जाना।","I need to call and check on uncle's wellbeing tomorrow, don't forget.",0,personal_family_chat,
"आज बहुत थक गई हूं ऑफिस में, जल्दी सो जाऊंगी आज।","I'm very tired from office today, I'll sleep early today.",0,personal_family_chat,
"कल दीवाली की सफाई शुरू करेंगे, तुम भी छुट्टी ले लेना।","We'll start Diwali cleaning tomorrow, you should also take leave.",0,personal_family_chat,
"भाभी का बर्थडे अगले हफ्ते है, केक कहां से मंगाना है सोच लिया?","Sister-in-law's birthday is next week, have you decided where to order the cake from?",0,personal_family_chat,
"दादी को दवाई समय पर देना, भूलना मत।","Give grandma her medicine on time, don't forget.",0,personal_family_chat,
"आज बगीचे में नए पौधे लगाए, बहुत मन लगा।","I planted new plants in the garden today, it was very satisfying.",0,personal_family_chat,
"कल कॉलेज रीयूनियन है, सब पुराने दोस्त आ रहे हैं, तुम आओगे?","There's a college reunion tomorrow, all the old friends are coming, will you come?",0,personal_family_chat,
"बेटा हॉस्टल में ठीक से खाना खा रहे हो न, अपना ध्यान रखना।","Son, are you eating properly in the hostel, take care of yourself.",0,personal_family_chat,
"आज मंदिर जाकर प्रसाद लाई हूं, शाम को घर आकर ले जाना।","I went to the temple today and got prasad, come home in the evening and take it.",0,personal_family_chat,
"कल ऑफिस की पिकनिक है, सुबह 7 बजे बस निकलेगी, टाइम पर पहुंच जाना।","There's an office picnic tomorrow, the bus will leave at 7 am, reach on time.",0,personal_family_chat,
"पापा को हल्दी वाला दूध देना रात को, गला खराब है उनका।","Give dad turmeric milk at night, his throat is sore.",0,personal_family_chat,
यार वो किताब वापस कब कर रहा है जो मैंने दी थी पिछले महीने?,"Hey, when are you returning the book I gave you last month?",0,personal_family_chat,
"कल की मीटिंग सुबह 10 बजे रीशेड्यूल हो गई है, कैलेंडर अपडेट कर दिया है।","Tomorrow's meeting has been rescheduled to 10 am, I've updated the calendar.",0,work_reminder,
प्रोजेक्ट रिपोर्ट शुक्रवार तक भेज दीजिएगा प्लीज।,Please send the project report by Friday.,0,work_reminder,
"क्लाइंट कॉल आज शाम 5 बजे है, प्रेजेंटेशन तैयार रखिए।","The client call is at 5 pm today, keep the presentation ready.",0,work_reminder,
आज का स्टैंडअप 11:15 पर शिफ्ट हो गया है क्योंकि क्लाइंट कॉल लंबी चली।,Today's standup has shifted to 11:15 because the client call ran long.,0,work_reminder,
कृपया कल की मीटिंग का एजेंडा रिव्यू करके बता दें।,Please review tomorrow's meeting agenda and let us know.,0,work_reminder,
"मेरा लीव एप्लिकेशन अप्रूव हो गया है, शुक्रवार को छुट्टी पर रहूंगा।","My leave application has been approved, I'll be on leave Friday.",0,work_reminder,
"टीम लंच आज 1 बजे है, कैफेटेरिया में मिलते हैं।","Team lunch is today at 1 pm, let's meet at the cafeteria.",0,work_reminder,
"पुल रिक्वेस्ट रिव्यू कर दिया है, दो छोटे कमेंट्स छोड़े हैं।","I've reviewed the pull request, left two small comments.",0,work_reminder,
"इंटरव्यू कल दोपहर 3 बजे कन्फर्म है, लिंक ईमेल पर भेज दिया है।","The interview is confirmed for tomorrow at 3 pm, I've sent the link on email.",0,work_reminder,
क्वार्टरली रिपोर्ट की डेडलाइन अगले सोमवार तक बढ़ा दी गई है।,The deadline for the quarterly report has been extended to next Monday.,0,work_reminder,
"आज शाम को ऑफिस से जल्दी निकलना है, डॉक्टर अपॉइंटमेंट है।","I need to leave office early this evening, I have a doctor's appointment.",0,work_reminder,
"एनुअल परफॉर्मेंस रिव्यू अगले हफ्ते शुरू होंगे, सेल्फ असेसमेंट फॉर्म भर लीजिए।","Annual performance reviews start next week, please fill out the self assessment form.",0,work_reminder,
मार्केटिंग सिंक बुधवार 10 बजे से शिफ्ट होकर 4 बजे हो गई है।,The marketing sync has shifted from 10 am to 4 pm on Wednesday.,0,work_reminder,
"नई ऑनबोर्डिंग प्रोसेस के लिए ट्रेनिंग सेशन कल सुबह है, सबका अटेंड करना जरूरी है।","There's a training session tomorrow morning for the new onboarding process, everyone needs to attend.",0,work_reminder,
बजट अप्रूवल के लिए फाइनेंस टीम को फॉलो अप कर लीजिए।,Please follow up with the finance team for budget approval.,0,work_reminder,
"आज का डेमो सफल रहा, क्लाइंट ने पॉजिटिव फीडबैक दिया है।","Today's demo went well, the client gave positive feedback.",0,work_reminder,
"सर्वर मेंटेनेंस रात 2 बजे से 4 बजे तक होगा, इस दौरान साइट डाउन रहेगी।","Server maintenance will happen from 2 am to 4 am, the site will be down during this time.",0,work_reminder,
"अगली स्प्रिंट प्लानिंग सोमवार सुबह है, बैकलॉग तैयार रखिए।","The next sprint planning is Monday morning, keep the backlog ready.",0,work_reminder,
एक्सपेंस रिपोर्ट सबमिट करने की आखिरी तारीख महीने के अंत तक है।,The last date to submit the expense report is by the end of the month.,0,work_reminder,
"टीम आउटिंग की डेट फाइनल हो गई है, अगले शनिवार को है।","The team outing date is finalized, it's next Saturday.",0,work_reminder,
आपका ऑर्डर पैक हो गया है और आज शाम तक डिस्पैच हो जाएगा।,Your order has been packed and will be dispatched by this evening.,0,delivery_notification,
"पार्सल कूरियर को दे दिया गया है, ट्रैकिंग नंबर ऐप में उपलब्ध है।","The parcel has been handed over to the courier, the tracking number is available in the app.",0,delivery_notification,
आपका पैकेज आज दोपहर 2 से 5 बजे के बीच पहुंचेगा।,Your package will arrive today between 2 and 5 pm.,0,delivery_notification,
"डिलीवरी पूरी हो गई, पार्सल सिक्योरिटी गार्ड के पास छोड़ा गया है जैसा आपने बताया था।","Delivery completed, the parcel was left with the security guard as you had instructed.",0,delivery_notification,
"आपका रिटर्न पिकअप हो गया है, रिफंड 5 से 7 दिन में मूल भुगतान माध्यम में आ जाएगा।","Your return pickup is done, the refund will reflect in the original payment method in 5 to 7 days.",0,delivery_notification,
"आज आपका ऑर्डर डिलीवर हुआ, अनुभव को रेट करने के लिए ऐप खोलें।","Your order was delivered today, open the app to rate the experience.",0,delivery_notification,
"आपकी फ्लाइट PNR XYZ789 कन्फर्म है, वेब चेक-इन 48 घंटे पहले खुलेगा।","Your flight PNR XYZ789 is confirmed, web check-in opens 48 hours before.",0,delivery_notification,
"ग्रोसरी ऑर्डर पैक हो गया है, 20 मिनट में डिलीवरी पार्टनर पहुंचेगा।","The grocery order has been packed, the delivery partner will arrive in 20 minutes.",0,delivery_notification,
आपकी बुकिंग रेस्टोरेंट में आज रात 8 बजे 4 लोगों के लिए कन्फर्म है।,Your restaurant booking is confirmed for 4 people tonight at 8 pm.,0,delivery_notification,
"आपका सामान कूरियर पिक कर चुका है, शनिवार तक डिलीवर होने की उम्मीद है।","Your item has been picked up by the courier, expected to be delivered by Saturday.",0,delivery_notification,
"सर्विस विजिट पूरी हो गई है, कृपया टेक्नीशियन को 5 में से रेटिंग दें।","The service visit is complete, please rate the technician out of 5.",0,delivery_notification,
"आपकी वापसी की शिकायत दर्ज हो गई है, टीम 2 दिन में संपर्क करेगी।","Your return complaint has been registered, the team will contact you in 2 days.",0,delivery_notification,
"आज का ऑर्डर डिलीवरी बॉय के पास है, वो 10 मिनट में पहुंच जाएगा।","Today's order is with the delivery boy, he will arrive in 10 minutes.",0,delivery_notification,
"आपका OTP है 481920, इसे किसी के साथ साझा न करें, यह 10 मिनट के लिए वैध है।","Your OTP is 481920, do not share it with anyone, it is valid for 10 minutes.",0,otp_legit,
ऐप में लॉगिन के लिए वेरिफिकेशन कोड 736512 है।,The verification code for logging into the app is 736512.,0,otp_legit,
"कार्ड ट्रांजैक्शन के लिए OTP 209481 है, बैंक कर्मचारी भी इसे कभी नहीं मांगते।","The OTP for the card transaction is 209481, bank staff never ask for this either.",0,otp_legit,
नए डिवाइस पर साइन इन पूरा करने के लिए 552013 दर्ज करें।,Enter 552013 to complete sign in on the new device.,0,otp_legit,
"यूनिवर्सिटी पोर्टल लॉगिन के लिए OTP 918273 है, 5 मिनट में एक्सपायर होगा।","The OTP for the university portal login is 918273, it will expire in 5 minutes.",0,otp_legit,
"फूड डिलीवरी ऐप के लिए वेरिफिकेशन कोड 3391 है, जल्दी एक्सपायर हो जाएगा।","The verification code for the food delivery app is 3391, it will expire soon.",0,otp_legit,
पता अपडेट करने के लिए आपका कोड 240187 है।,Your code for updating the address is 240187.,0,otp_legit,
"ग्रोसरी स्टोर पर कार्ड ट्रांजैक्शन के लिए OTP 55219 है, बैंक स्टाफ सहित किसी को न बताएं।","The OTP for the card transaction at the grocery store is 55219, don't tell anyone including bank staff.",0,otp_legit,
"एग्जाम पोर्टल लॉगिन के लिए एक बार का पासवर्ड 882145 है, 10 मिनट के लिए मान्य।","The one-time password for the exam portal login is 882145, valid for 10 minutes.",0,otp_legit,
"व्हाट्सएप वेब लॉगिन कोड 647310 है, यह किसी और को न भेजें।","The WhatsApp Web login code is 647310, do not send this to anyone else.",0,otp_legit,
